_model	model.x	model.y	minimum_contextwords	focc_part_of_speech	focc_sent_bound	socc_corpus	socc_length	socc_length_num	socc_window	focc_token_window	tokens	type	focc_weighting	stress
church_nocomp.5_5.nvj.ppmi.nobound.c.5_5.5000.2	-0.17669264794684653	-0.13015671026523726	2	nvj	FALSE	c	5000	2878	5_5	5_5	177	church_nocomp	ppmi	0.21738441278578677
church_nocomp.5_5.nvj.ppmi.nobound.c.5_5.5000.3	-0.19171321517064388	-0.1334257022694765	3	nvj	FALSE	c	5000	2878	5_5	5_5	105	church_nocomp	ppmi	0.18928683469461824
church_nocomp.5_5.nvj.ppmi.nobound.c.5_5.10000.2	-0.1801840421530437	-0.13309393517747203	2	nvj	FALSE	c	10000	2878	5_5	5_5	177	church_nocomp	ppmi	0.2172594984291266
church_nocomp.5_5.nvj.ppmi.nobound.c.5_5.10000.3	-0.19175707288244645	-0.13352287041814323	3	nvj	FALSE	c	10000	2878	5_5	5_5	105	church_nocomp	ppmi	0.18928792038466133
church_nocomp.5_5.nvj.ppmi.nobound.c.5_5.focc.2	-0.1662807460318224	-0.13612962961366248	2	nvj	FALSE	c	focc	2878	5_5	5_5	177	church_nocomp	ppmi	0.2179434366401759
church_nocomp.5_5.nvj.ppmi.nobound.c.5_5.focc.3	-0.19438953251155636	-0.14476266708633997	3	nvj	FALSE	c	focc	2878	5_5	5_5	105	church_nocomp	ppmi	0.18970117170334347
church_nocomp.10_10.nvj.ppmi.nobound.c.5_5.5000.2	-0.12740646270253023	-0.10253487644671959	2	nvj	FALSE	c	5000	2878	5_5	10_10	231	church_nocomp	ppmi	0.2419796225151901
church_nocomp.10_10.nvj.ppmi.nobound.c.5_5.5000.3	-0.14924181539765857	-0.08958606501842806	3	nvj	FALSE	c	5000	2878	5_5	10_10	181	church_nocomp	ppmi	0.23767384939398106
church_nocomp.10_10.nvj.ppmi.nobound.c.5_5.10000.2	-0.12608324639275614	-0.10182323642601399	2	nvj	FALSE	c	10000	2878	5_5	10_10	231	church_nocomp	ppmi	0.24184558794647593
church_nocomp.10_10.nvj.ppmi.nobound.c.5_5.10000.3	-0.16225786640175258	-0.09234062056285894	3	nvj	FALSE	c	10000	2878	5_5	10_10	181	church_nocomp	ppmi	0.23781721474349518
church_nocomp.10_10.nvj.ppmi.nobound.c.5_5.focc.2	-0.13189839196134368	-0.09345377053112763	2	nvj	FALSE	c	focc	2878	5_5	10_10	231	church_nocomp	ppmi	0.2417104964066709
church_nocomp.10_10.nvj.ppmi.nobound.c.5_5.focc.3	-0.1545898681098706	-0.09222104994015075	3	nvj	FALSE	c	focc	2878	5_5	10_10	181	church_nocomp	ppmi	0.23806018086295042
church_nocomp.5_5.nvj.noweight.nobound.c.5_5.5000.2	0.06714555155672733	-0.1300612793565154	2	nvj	FALSE	c	5000	5000	5_5	5_5	246	church_nocomp	noweight	0.23852195201301504
church_nocomp.5_5.nvj.noweight.nobound.c.5_5.5000.3	0.04553096813063665	-0.13464348806525678	3	nvj	FALSE	c	5000	5000	5_5	5_5	227	church_nocomp	noweight	0.23473681092908505
church_nocomp.5_5.nvj.noweight.nobound.c.5_5.10000.2	0.09167493626762618	-0.16286873164710164	2	nvj	FALSE	c	10000	10000	5_5	5_5	246	church_nocomp	noweight	0.2407226853883076
church_nocomp.5_5.nvj.noweight.nobound.c.5_5.10000.3	0.06180380923370966	-0.1633950211751018	3	nvj	FALSE	c	10000	10000	5_5	5_5	227	church_nocomp	noweight	0.24173826016969643
church_nocomp.5_5.nvj.noweight.nobound.c.5_5.focc.2	0.26607344346838113	-0.1731385587330356	2	nvj	FALSE	c	focc	24438	5_5	5_5	246	church_nocomp	noweight	0.24008188303760192
church_nocomp.5_5.nvj.noweight.nobound.c.5_5.focc.3	0.2636495901065382	-0.1742843684758071	3	nvj	FALSE	c	focc	24438	5_5	5_5	227	church_nocomp	noweight	0.24308370205375837
church_nocomp.10_10.nvj.noweight.nobound.c.5_5.5000.2	5.780637220197031e-4	-0.05887052982889824	2	nvj	FALSE	c	5000	5000	5_5	10_10	249	church_nocomp	noweight	0.22986604383054365
church_nocomp.10_10.nvj.noweight.nobound.c.5_5.5000.3	-0.0012335751411439496	-0.04802482991399808	3	nvj	FALSE	c	5000	5000	5_5	10_10	249	church_nocomp	noweight	0.23046697684688855
church_nocomp.10_10.nvj.noweight.nobound.c.5_5.10000.2	0.006398384584608712	-0.06587581428274975	2	nvj	FALSE	c	10000	10000	5_5	10_10	249	church_nocomp	noweight	0.2389201793836472
church_nocomp.10_10.nvj.noweight.nobound.c.5_5.10000.3	0.008718132521462333	-0.05743960551006502	3	nvj	FALSE	c	10000	10000	5_5	10_10	249	church_nocomp	noweight	0.2377785717661847
church_nocomp.10_10.nvj.noweight.nobound.c.5_5.focc.2	0.06767839237219078	-0.018662714765967987	2	nvj	FALSE	c	focc	24438	5_5	10_10	249	church_nocomp	noweight	0.2572048609632551
church_nocomp.10_10.nvj.noweight.nobound.c.5_5.focc.3	0.08947296333111683	-0.023985268182337646	3	nvj	FALSE	c	focc	24438	5_5	10_10	249	church_nocomp	noweight	0.2582910938164332
church_nocomp.5_5.nvjid.ppmi.nobound.c.5_5.5000.2	-0.12427083370086521	-0.1549420010106987	2	nvjid	FALSE	c	5000	2945	5_5	5_5	225	church_nocomp	ppmi	0.24073791317490786
church_nocomp.5_5.nvjid.ppmi.nobound.c.5_5.5000.3	-0.13709872852024538	-0.12626068735011958	3	nvjid	FALSE	c	5000	2945	5_5	5_5	190	church_nocomp	ppmi	0.23590625089075992
church_nocomp.5_5.nvjid.ppmi.nobound.c.5_5.10000.2	-0.12837250384333956	-0.15152378884162393	2	nvjid	FALSE	c	10000	2945	5_5	5_5	225	church_nocomp	ppmi	0.23971807913379395
church_nocomp.5_5.nvjid.ppmi.nobound.c.5_5.10000.3	-0.13754622253997503	-0.13463877742081068	3	nvjid	FALSE	c	10000	2945	5_5	5_5	190	church_nocomp	ppmi	0.23602897277161886
church_nocomp.5_5.nvjid.ppmi.nobound.c.5_5.focc.2	-0.13295460962461145	-0.1480306064221992	2	nvjid	FALSE	c	focc	2945	5_5	5_5	225	church_nocomp	ppmi	0.24002908814564752
church_nocomp.5_5.nvjid.ppmi.nobound.c.5_5.focc.3	-0.13754622253997503	-0.13463877742081068	3	nvjid	FALSE	c	focc	2945	5_5	5_5	190	church_nocomp	ppmi	0.23602897277161886
church_nocomp.10_10.nvjid.ppmi.nobound.c.5_5.5000.2	-0.10825141540179078	-0.15062821980317423	2	nvjid	FALSE	c	5000	2945	5_5	10_10	244	church_nocomp	ppmi	0.23567343761002982
church_nocomp.10_10.nvjid.ppmi.nobound.c.5_5.5000.3	-0.11340052475182395	-0.13229090784656908	3	nvjid	FALSE	c	5000	2945	5_5	10_10	238	church_nocomp	ppmi	0.23889628589690912
church_nocomp.10_10.nvjid.ppmi.nobound.c.5_5.10000.2	-0.10825141540179078	-0.15062821980317423	2	nvjid	FALSE	c	10000	2945	5_5	10_10	244	church_nocomp	ppmi	0.23567343761002982
church_nocomp.10_10.nvjid.ppmi.nobound.c.5_5.10000.3	-0.11340052475182395	-0.13229090784656908	3	nvjid	FALSE	c	10000	2945	5_5	10_10	238	church_nocomp	ppmi	0.23889628589690912
church_nocomp.10_10.nvjid.ppmi.nobound.c.5_5.focc.2	-0.10825141540179078	-0.15062821980317423	2	nvjid	FALSE	c	focc	2945	5_5	10_10	244	church_nocomp	ppmi	0.23567343761002982
church_nocomp.10_10.nvjid.ppmi.nobound.c.5_5.focc.3	-0.11340052475182395	-0.13229090784656908	3	nvjid	FALSE	c	focc	2945	5_5	10_10	238	church_nocomp	ppmi	0.23889628589690912
church_nocomp.5_5.nvjid.noweight.nobound.c.5_5.5000.2	0.10426777752733962	-0.06723351465118106	2	nvjid	FALSE	c	5000	5000	5_5	5_5	249	church_nocomp	noweight	0.20618844752691265
church_nocomp.5_5.nvjid.noweight.nobound.c.5_5.5000.3	0.09727108583228462	-0.07498603896252357	3	nvjid	FALSE	c	5000	5000	5_5	5_5	245	church_nocomp	noweight	0.2181947133031736
church_nocomp.5_5.nvjid.noweight.nobound.c.5_5.10000.2	0.1274523111754432	-0.07332793271887779	2	nvjid	FALSE	c	10000	10000	5_5	5_5	249	church_nocomp	noweight	0.21760454573350121
church_nocomp.5_5.nvjid.noweight.nobound.c.5_5.10000.3	0.09696487414930711	-0.081749220693541	3	nvjid	FALSE	c	10000	10000	5_5	5_5	245	church_nocomp	noweight	0.22635507874952804
church_nocomp.5_5.nvjid.noweight.nobound.c.5_5.focc.2	0.23630829355893443	-0.13824710601647214	2	nvjid	FALSE	c	focc	24583	5_5	5_5	249	church_nocomp	noweight	0.23010600645809764
church_nocomp.5_5.nvjid.noweight.nobound.c.5_5.focc.3	0.21173206999252772	-0.07846147665189412	3	nvjid	FALSE	c	focc	24583	5_5	5_5	245	church_nocomp	noweight	0.23500522774925142
church_nocomp.10_10.nvjid.noweight.nobound.c.5_5.5000.2	0.1054163327111833	0.0192585709196675	2	nvjid	FALSE	c	5000	5000	5_5	10_10	249	church_nocomp	noweight	0.22212833676659646
church_nocomp.10_10.nvjid.noweight.nobound.c.5_5.5000.3	0.04679661081276108	0.003337455007305987	3	nvjid	FALSE	c	5000	5000	5_5	10_10	249	church_nocomp	noweight	0.21987408856772422
church_nocomp.10_10.nvjid.noweight.nobound.c.5_5.10000.2	0.062189677843946106	0.004211656166194095	2	nvjid	FALSE	c	10000	10000	5_5	10_10	249	church_nocomp	noweight	0.22589014025205556
church_nocomp.10_10.nvjid.noweight.nobound.c.5_5.10000.3	0.062189677843946106	0.004211656166194095	3	nvjid	FALSE	c	10000	10000	5_5	10_10	249	church_nocomp	noweight	0.22589014025205556
church_nocomp.10_10.nvjid.noweight.nobound.c.5_5.focc.2	0.12675319534508736	0.0408847968632064	2	nvjid	FALSE	c	focc	24583	5_5	10_10	249	church_nocomp	noweight	0.2368409386587942
church_nocomp.10_10.nvjid.noweight.nobound.c.5_5.focc.3	0.12675319534508736	0.0408847968632064	3	nvjid	FALSE	c	focc	24583	5_5	10_10	249	church_nocomp	noweight	0.2368409386587942
church_nocomp.5_5.none.ppmi.nobound.c.5_5.5000.2	-0.13714550225571642	-0.14379554976559702	2	none	FALSE	c	5000	3224	5_5	5_5	240	church_nocomp	ppmi	0.2382508762523839
church_nocomp.5_5.none.ppmi.nobound.c.5_5.5000.3	-0.1272675519710673	-0.13560294251565602	3	none	FALSE	c	5000	3224	5_5	5_5	211	church_nocomp	ppmi	0.23715200773353554
church_nocomp.5_5.none.ppmi.nobound.c.5_5.10000.2	-0.13065188037859354	-0.18965453346380612	2	none	FALSE	c	10000	3224	5_5	5_5	240	church_nocomp	ppmi	0.2391801685361215
church_nocomp.5_5.none.ppmi.nobound.c.5_5.10000.3	-0.13790901555566698	-0.1287423418759889	3	none	FALSE	c	10000	3224	5_5	5_5	211	church_nocomp	ppmi	0.23730429144649356
church_nocomp.5_5.none.ppmi.nobound.c.5_5.focc.2	-0.12253837247780294	-0.1650929553925695	2	none	FALSE	c	focc	3224	5_5	5_5	240	church_nocomp	ppmi	0.23891178313783817
church_nocomp.5_5.none.ppmi.nobound.c.5_5.focc.3	-0.1256266038534947	-0.1437438140998675	3	none	FALSE	c	focc	3224	5_5	5_5	211	church_nocomp	ppmi	0.23667308295887088
church_nocomp.10_10.none.ppmi.nobound.c.5_5.5000.2	-0.11231308494342662	-0.14329856519076054	2	none	FALSE	c	5000	3224	5_5	10_10	247	church_nocomp	ppmi	0.2390954111118519
church_nocomp.10_10.none.ppmi.nobound.c.5_5.5000.3	-0.12823337254439207	-0.11095391139677002	3	none	FALSE	c	5000	3224	5_5	10_10	244	church_nocomp	ppmi	0.23737709858296052
church_nocomp.10_10.none.ppmi.nobound.c.5_5.10000.2	-0.13215632395221721	-0.11306931451994591	2	none	FALSE	c	10000	3224	5_5	10_10	247	church_nocomp	ppmi	0.23793108340883917
church_nocomp.10_10.none.ppmi.nobound.c.5_5.10000.3	-0.11753958875913044	-0.127522633939985	3	none	FALSE	c	10000	3224	5_5	10_10	244	church_nocomp	ppmi	0.23761893664452227
church_nocomp.10_10.none.ppmi.nobound.c.5_5.focc.2	-0.11604363310209904	-0.12595294746911237	2	none	FALSE	c	focc	3224	5_5	10_10	247	church_nocomp	ppmi	0.23732883293259333
church_nocomp.10_10.none.ppmi.nobound.c.5_5.focc.3	-0.12660471118102073	-0.10851843254855344	3	none	FALSE	c	focc	3224	5_5	10_10	244	church_nocomp	ppmi	0.2381489654615365
church_nocomp.5_5.none.noweight.nobound.c.5_5.5000.2	0.21785253472722882	0.04163492847069272	2	none	FALSE	c	5000	5000	5_5	5_5	249	church_nocomp	noweight	0.2178860081075427
church_nocomp.5_5.none.noweight.nobound.c.5_5.5000.3	0.21785253472722882	0.04163492847069272	3	none	FALSE	c	5000	5000	5_5	5_5	249	church_nocomp	noweight	0.2178860081075427
church_nocomp.5_5.none.noweight.nobound.c.5_5.10000.2	0.2589759102995885	0.05111233377894142	2	none	FALSE	c	10000	10000	5_5	5_5	249	church_nocomp	noweight	0.22572149793373714
church_nocomp.5_5.none.noweight.nobound.c.5_5.10000.3	0.26263089687495345	0.0524883836428292	3	none	FALSE	c	10000	10000	5_5	5_5	249	church_nocomp	noweight	0.22537567227920519
church_nocomp.5_5.none.noweight.nobound.c.5_5.focc.2	0.32663891187010674	0.12884331195440463	2	none	FALSE	c	focc	27085	5_5	5_5	249	church_nocomp	noweight	0.23910130363121296
church_nocomp.5_5.none.noweight.nobound.c.5_5.focc.3	0.32663891187010674	0.12884331195440463	3	none	FALSE	c	focc	27085	5_5	5_5	249	church_nocomp	noweight	0.23910130363121296
church_nocomp.10_10.none.noweight.nobound.c.5_5.5000.2	0.21298931042796754	0.10732271341281623	2	none	FALSE	c	5000	5000	5_5	10_10	249	church_nocomp	noweight	0.2012782186973826
church_nocomp.10_10.none.noweight.nobound.c.5_5.5000.3	0.21132547082295505	0.1052784727982834	3	none	FALSE	c	5000	5000	5_5	10_10	249	church_nocomp	noweight	0.20126500463060457
church_nocomp.10_10.none.noweight.nobound.c.5_5.10000.2	0.2235083061026219	0.09164748359904944	2	none	FALSE	c	10000	10000	5_5	10_10	249	church_nocomp	noweight	0.21382144798842515
church_nocomp.10_10.none.noweight.nobound.c.5_5.10000.3	0.22565084164626928	0.09134605766172088	3	none	FALSE	c	10000	10000	5_5	10_10	249	church_nocomp	noweight	0.21359407553461499
church_nocomp.10_10.none.noweight.nobound.c.5_5.focc.2	0.2752694942551119	0.07693291987846476	2	none	FALSE	c	focc	27085	5_5	10_10	249	church_nocomp	noweight	0.23301357195015843
church_nocomp.10_10.none.noweight.nobound.c.5_5.focc.3	0.2752694942551119	0.07693291987846476	3	none	FALSE	c	focc	27085	5_5	10_10	249	church_nocomp	noweight	0.23301357195015843
church_nocomp.5_5.nvj.ppmi.nobound.s.5_5.5000.2	-0.34503739016724877	0.2829296400732463	2	nvj	FALSE	s	5000	812	5_5	5_5	232	church_nocomp	ppmi	0.31131995257784545
church_nocomp.5_5.nvj.ppmi.nobound.s.5_5.5000.3	-0.22827029003569557	0.18088767792423638	3	nvj	FALSE	s	5000	812	5_5	5_5	194	church_nocomp	ppmi	0.307793071584901
church_nocomp.5_5.nvj.ppmi.nobound.s.5_5.10000.2	-0.30499885699325874	0.2865322598962567	2	nvj	FALSE	s	10000	812	5_5	5_5	232	church_nocomp	ppmi	0.3095724483495063
church_nocomp.5_5.nvj.ppmi.nobound.s.5_5.10000.3	-0.27594961252716305	0.2308498001715644	3	nvj	FALSE	s	10000	812	5_5	5_5	194	church_nocomp	ppmi	0.30825027567613
church_nocomp.5_5.nvj.ppmi.nobound.s.5_5.focc.2	-0.292390071778559	0.24938576188289527	2	nvj	FALSE	s	focc	812	5_5	5_5	232	church_nocomp	ppmi	0.308338558832747
church_nocomp.5_5.nvj.ppmi.nobound.s.5_5.focc.3	-0.26034095663859763	0.20394305406871888	3	nvj	FALSE	s	focc	812	5_5	5_5	194	church_nocomp	ppmi	0.3078650268246172
church_nocomp.10_10.nvj.ppmi.nobound.s.5_5.5000.2	-0.2831584546488754	0.18333694859455205	2	nvj	FALSE	s	5000	812	5_5	10_10	246	church_nocomp	ppmi	0.2959799236637073
church_nocomp.10_10.nvj.ppmi.nobound.s.5_5.5000.3	-0.31856608685344534	0.0977953775562814	3	nvj	FALSE	s	5000	812	5_5	10_10	238	church_nocomp	ppmi	0.29710072163423906
church_nocomp.10_10.nvj.ppmi.nobound.s.5_5.10000.2	-0.28592593860021387	0.1730875171597451	2	nvj	FALSE	s	10000	812	5_5	10_10	246	church_nocomp	ppmi	0.29590502493072174
church_nocomp.10_10.nvj.ppmi.nobound.s.5_5.10000.3	-0.3137845811499211	0.1381121801833412	3	nvj	FALSE	s	10000	812	5_5	10_10	238	church_nocomp	ppmi	0.296478365155222
church_nocomp.10_10.nvj.ppmi.nobound.s.5_5.focc.2	-0.2974916208247872	0.1711059035461318	2	nvj	FALSE	s	focc	812	5_5	10_10	246	church_nocomp	ppmi	0.29626990661004554
church_nocomp.10_10.nvj.ppmi.nobound.s.5_5.focc.3	-0.28380251043252114	0.07263556183229905	3	nvj	FALSE	s	focc	812	5_5	10_10	238	church_nocomp	ppmi	0.2962567599741943
church_nocomp.5_5.nvj.noweight.nobound.s.5_5.5000.2	0.15001262738465795	-0.2534961046039712	2	nvj	FALSE	s	5000	5000	5_5	5_5	246	church_nocomp	noweight	0.2564931000448902
church_nocomp.5_5.nvj.noweight.nobound.s.5_5.5000.3	0.14174777759710705	-0.2393447005011743	3	nvj	FALSE	s	5000	5000	5_5	5_5	229	church_nocomp	noweight	0.26023680236010927
church_nocomp.5_5.nvj.noweight.nobound.s.5_5.10000.2	0.20180962022468552	-0.25081255937235647	2	nvj	FALSE	s	10000	10000	5_5	5_5	246	church_nocomp	noweight	0.24948042588751645
church_nocomp.5_5.nvj.noweight.nobound.s.5_5.10000.3	0.1533109850328056	-0.26467291244995983	3	nvj	FALSE	s	10000	10000	5_5	5_5	229	church_nocomp	noweight	0.25354243350786965
church_nocomp.5_5.nvj.noweight.nobound.s.5_5.focc.2	0.2873887216534654	-0.24813943300688104	2	nvj	FALSE	s	focc	31447	5_5	5_5	246	church_nocomp	noweight	0.243142497438089
church_nocomp.5_5.nvj.noweight.nobound.s.5_5.focc.3	0.20137924077119146	-0.24781445898914348	3	nvj	FALSE	s	focc	31447	5_5	5_5	229	church_nocomp	noweight	0.24846405147663855
church_nocomp.10_10.nvj.noweight.nobound.s.5_5.5000.2	0.10487888230606898	0.09978769876185448	2	nvj	FALSE	s	5000	5000	5_5	10_10	249	church_nocomp	noweight	0.2614269117797174
church_nocomp.10_10.nvj.noweight.nobound.s.5_5.5000.3	0.10566312549880894	0.09972391632402774	3	nvj	FALSE	s	5000	5000	5_5	10_10	249	church_nocomp	noweight	0.26172346097305876
church_nocomp.10_10.nvj.noweight.nobound.s.5_5.10000.2	0.22202768354330932	-0.00478873199713427	2	nvj	FALSE	s	10000	10000	5_5	10_10	249	church_nocomp	noweight	0.26238234945144473
church_nocomp.10_10.nvj.noweight.nobound.s.5_5.10000.3	0.22645196721876995	-0.0020316968130466477	3	nvj	FALSE	s	10000	10000	5_5	10_10	249	church_nocomp	noweight	0.26182341215808547
church_nocomp.10_10.nvj.noweight.nobound.s.5_5.focc.2	0.5039743282983467	-0.101404570148411	2	nvj	FALSE	s	focc	31447	5_5	10_10	249	church_nocomp	noweight	0.246390076907736
church_nocomp.10_10.nvj.noweight.nobound.s.5_5.focc.3	0.4877561772709248	-0.10783623344527181	3	nvj	FALSE	s	focc	31447	5_5	10_10	249	church_nocomp	noweight	0.2451807546901215
church_nocomp.5_5.nvjid.ppmi.nobound.s.5_5.5000.2	-0.2175685216216452	0.1883158271087259	2	nvjid	FALSE	s	5000	843	5_5	5_5	247	church_nocomp	ppmi	0.2944822734544553
church_nocomp.5_5.nvjid.ppmi.nobound.s.5_5.5000.3	-0.2120822984183906	0.1866384944049979	3	nvjid	FALSE	s	5000	843	5_5	5_5	236	church_nocomp	ppmi	0.29587004644871473
church_nocomp.5_5.nvjid.ppmi.nobound.s.5_5.10000.2	-0.2214151189806311	0.18518856935936784	2	nvjid	FALSE	s	10000	843	5_5	5_5	247	church_nocomp	ppmi	0.29500809056496113
church_nocomp.5_5.nvjid.ppmi.nobound.s.5_5.10000.3	-0.23034454265912027	0.20736786173027635	3	nvjid	FALSE	s	10000	843	5_5	5_5	236	church_nocomp	ppmi	0.2954451167719252
church_nocomp.5_5.nvjid.ppmi.nobound.s.5_5.focc.2	-0.2946240833722694	0.317970749466611	2	nvjid	FALSE	s	focc	843	5_5	5_5	247	church_nocomp	ppmi	0.29600564989938316
church_nocomp.5_5.nvjid.ppmi.nobound.s.5_5.focc.3	-0.2352407836132354	0.19372359980525794	3	nvjid	FALSE	s	focc	843	5_5	5_5	236	church_nocomp	ppmi	0.29536751881584394
church_nocomp.10_10.nvjid.ppmi.nobound.s.5_5.5000.2	-0.3150547512847904	0.1149863964168508	2	nvjid	FALSE	s	5000	843	5_5	10_10	248	church_nocomp	ppmi	0.2862518646131563
church_nocomp.10_10.nvjid.ppmi.nobound.s.5_5.5000.3	-0.16049749007756772	0.16672509705383026	3	nvjid	FALSE	s	5000	843	5_5	10_10	248	church_nocomp	ppmi	0.28417693606651667
church_nocomp.10_10.nvjid.ppmi.nobound.s.5_5.10000.2	-0.16198669414765926	0.16420403334232786	2	nvjid	FALSE	s	10000	843	5_5	10_10	248	church_nocomp	ppmi	0.284555915423636
church_nocomp.10_10.nvjid.ppmi.nobound.s.5_5.10000.3	-0.13370126879784944	0.16792354365195325	3	nvjid	FALSE	s	10000	843	5_5	10_10	248	church_nocomp	ppmi	0.2844648539352535
church_nocomp.10_10.nvjid.ppmi.nobound.s.5_5.focc.2	-0.1560809088397502	0.1594210308598414	2	nvjid	FALSE	s	focc	843	5_5	10_10	248	church_nocomp	ppmi	0.28383208829073137
church_nocomp.10_10.nvjid.ppmi.nobound.s.5_5.focc.3	-0.14329411498835148	0.1510522773584366	3	nvjid	FALSE	s	focc	843	5_5	10_10	248	church_nocomp	ppmi	0.28484285403864623
church_nocomp.5_5.nvjid.noweight.nobound.s.5_5.5000.2	0.270870806128167	-0.08184243427979979	2	nvjid	FALSE	s	5000	5000	5_5	5_5	249	church_nocomp	noweight	0.24943769020375686
church_nocomp.5_5.nvjid.noweight.nobound.s.5_5.5000.3	0.256322274552701	-0.07806114896101288	3	nvjid	FALSE	s	5000	5000	5_5	5_5	245	church_nocomp	noweight	0.25228635654760356
church_nocomp.5_5.nvjid.noweight.nobound.s.5_5.10000.2	0.07963116795176803	0.25418698917157023	2	nvjid	FALSE	s	10000	10000	5_5	5_5	249	church_nocomp	noweight	0.23811752544606657
church_nocomp.5_5.nvjid.noweight.nobound.s.5_5.10000.3	0.27787015533941095	-0.1210903548194885	3	nvjid	FALSE	s	10000	10000	5_5	5_5	245	church_nocomp	noweight	0.23778606185265674
church_nocomp.5_5.nvjid.noweight.nobound.s.5_5.focc.2	0.05351975873946539	-0.4980997132674081	2	nvjid	FALSE	s	focc	31607	5_5	5_5	249	church_nocomp	noweight	0.21114251434292253
church_nocomp.5_5.nvjid.noweight.nobound.s.5_5.focc.3	-0.03858070025382832	0.3102233554324376	3	nvjid	FALSE	s	focc	31607	5_5	5_5	245	church_nocomp	noweight	0.20790421537007295
church_nocomp.10_10.nvjid.noweight.nobound.s.5_5.5000.2	0.13564980244580943	0.11796837655565798	2	nvjid	FALSE	s	5000	5000	5_5	10_10	249	church_nocomp	noweight	0.2558709489526868
church_nocomp.10_10.nvjid.noweight.nobound.s.5_5.5000.3	0.13936995531757979	0.0994752664845399	3	nvjid	FALSE	s	5000	5000	5_5	10_10	249	church_nocomp	noweight	0.2544687806084466
church_nocomp.10_10.nvjid.noweight.nobound.s.5_5.10000.2	0.2983004561625524	0.0959432749261782	2	nvjid	FALSE	s	10000	10000	5_5	10_10	249	church_nocomp	noweight	0.26248944697475096
church_nocomp.10_10.nvjid.noweight.nobound.s.5_5.10000.3	0.17866884066323133	0.1563305309484072	3	nvjid	FALSE	s	10000	10000	5_5	10_10	249	church_nocomp	noweight	0.25938396153574594
church_nocomp.10_10.nvjid.noweight.nobound.s.5_5.focc.2	0.5668285294728239	0.035534988628466005	2	nvjid	FALSE	s	focc	31607	5_5	10_10	249	church_nocomp	noweight	0.2484377163234263
church_nocomp.10_10.nvjid.noweight.nobound.s.5_5.focc.3	0.566822114561302	0.035575696330695065	3	nvjid	FALSE	s	focc	31607	5_5	10_10	249	church_nocomp	noweight	0.2484377163234263
church_nocomp.5_5.none.ppmi.nobound.s.5_5.5000.2	-0.26726053174373127	0.32306797213747185	2	none	FALSE	s	5000	946	5_5	5_5	248	church_nocomp	ppmi	0.2962989982362078
church_nocomp.5_5.none.ppmi.nobound.s.5_5.5000.3	-0.27238234262894306	0.32407247429468133	3	none	FALSE	s	5000	946	5_5	5_5	246	church_nocomp	ppmi	0.2976958718816313
church_nocomp.5_5.none.ppmi.nobound.s.5_5.10000.2	-0.28379133382756705	0.3348378771182528	2	none	FALSE	s	10000	946	5_5	5_5	248	church_nocomp	ppmi	0.2965512132067697
church_nocomp.5_5.none.ppmi.nobound.s.5_5.10000.3	-0.22581762088752125	0.24794639362145057	3	none	FALSE	s	10000	946	5_5	5_5	246	church_nocomp	ppmi	0.296735985147224
church_nocomp.5_5.none.ppmi.nobound.s.5_5.focc.2	-0.2066661739987721	0.19902638573067438	2	none	FALSE	s	focc	946	5_5	5_5	248	church_nocomp	ppmi	0.2971527305806486
church_nocomp.5_5.none.ppmi.nobound.s.5_5.focc.3	-0.23565201775190286	0.16598149823864047	3	none	FALSE	s	focc	946	5_5	5_5	246	church_nocomp	ppmi	0.2979835461010642
church_nocomp.10_10.none.ppmi.nobound.s.5_5.5000.2	-0.17003137742366314	0.05166845685128931	2	none	FALSE	s	5000	946	5_5	10_10	249	church_nocomp	ppmi	0.2851145935265769
church_nocomp.10_10.none.ppmi.nobound.s.5_5.5000.3	-0.26197836451014345	0.2516320674563537	3	none	FALSE	s	5000	946	5_5	10_10	249	church_nocomp	ppmi	0.28438424544406177
church_nocomp.10_10.none.ppmi.nobound.s.5_5.10000.2	-0.21960734629844203	0.2889111658961303	2	none	FALSE	s	10000	946	5_5	10_10	249	church_nocomp	ppmi	0.28425651479768127
church_nocomp.10_10.none.ppmi.nobound.s.5_5.10000.3	-0.2964999653440119	0.1383401453862676	3	none	FALSE	s	10000	946	5_5	10_10	249	church_nocomp	ppmi	0.2845231264171537
church_nocomp.10_10.none.ppmi.nobound.s.5_5.focc.2	-0.3117335976274215	0.1262098860139154	2	none	FALSE	s	focc	946	5_5	10_10	249	church_nocomp	ppmi	0.28464735040072847
church_nocomp.10_10.none.ppmi.nobound.s.5_5.focc.3	-0.2970111039793331	0.15067660586536294	3	none	FALSE	s	focc	946	5_5	10_10	249	church_nocomp	ppmi	0.28470177199606594
church_nocomp.5_5.none.noweight.nobound.s.5_5.5000.2	0.20396940247966003	0.28341648157782623	2	none	FALSE	s	5000	5000	5_5	5_5	249	church_nocomp	noweight	0.24307340909675676
church_nocomp.5_5.none.noweight.nobound.s.5_5.5000.3	0.2188871704968229	0.2645006342118154	3	none	FALSE	s	5000	5000	5_5	5_5	249	church_nocomp	noweight	0.24442343749249165
church_nocomp.5_5.none.noweight.nobound.s.5_5.10000.2	0.20162000993713966	0.3097974741810467	2	none	FALSE	s	10000	10000	5_5	5_5	249	church_nocomp	noweight	0.24889886788711424
church_nocomp.5_5.none.noweight.nobound.s.5_5.10000.3	0.2016200099371394	0.3097974741810463	3	none	FALSE	s	10000	10000	5_5	5_5	249	church_nocomp	noweight	0.24889886788711424
church_nocomp.5_5.none.noweight.nobound.s.5_5.focc.2	0.2878373969471966	0.38164829270245676	2	none	FALSE	s	focc	34786	5_5	5_5	249	church_nocomp	noweight	0.2663555992850913
church_nocomp.5_5.none.noweight.nobound.s.5_5.focc.3	0.2878373968626959	0.3816482925770346	3	none	FALSE	s	focc	34786	5_5	5_5	249	church_nocomp	noweight	0.2663555992850913
church_nocomp.10_10.none.noweight.nobound.s.5_5.5000.2	0.21552801250837567	0.15324211727935996	2	none	FALSE	s	5000	5000	5_5	10_10	249	church_nocomp	noweight	0.23551783415303928
church_nocomp.10_10.none.noweight.nobound.s.5_5.5000.3	0.21552801250837567	0.15324211727935996	3	none	FALSE	s	5000	5000	5_5	10_10	249	church_nocomp	noweight	0.23551783415303928
church_nocomp.10_10.none.noweight.nobound.s.5_5.10000.2	0.2574125861778008	0.1894557398428232	2	none	FALSE	s	10000	10000	5_5	10_10	249	church_nocomp	noweight	0.2519492414569149
church_nocomp.10_10.none.noweight.nobound.s.5_5.10000.3	0.2574125861778008	0.1894557398428232	3	none	FALSE	s	10000	10000	5_5	10_10	249	church_nocomp	noweight	0.2519492414569149
church_nocomp.10_10.none.noweight.nobound.s.5_5.focc.2	0.43643735616694407	0.42267339243335933	2	none	FALSE	s	focc	34786	5_5	10_10	249	church_nocomp	noweight	0.2753912698057583
church_nocomp.10_10.none.noweight.nobound.s.5_5.focc.3	0.43724739210223157	0.4233921257482023	3	none	FALSE	s	focc	34786	5_5	10_10	249	church_nocomp	noweight	0.2753912698057583
church_nocomp.5_5.nvj.ppmi.nobound.c.10_10.5000.2	-0.17110305559806238	-0.1559910411198153	2	nvj	FALSE	c	5000	4210	10_10	5_5	176	church_nocomp	ppmi	0.22014077240337418
church_nocomp.5_5.nvj.ppmi.nobound.c.10_10.5000.3	-0.1538449753118822	-0.17309162137158712	3	nvj	FALSE	c	5000	4210	10_10	5_5	106	church_nocomp	ppmi	0.19842991437448568
church_nocomp.5_5.nvj.ppmi.nobound.c.10_10.10000.2	-0.16324060812713956	-0.16906720169298262	2	nvj	FALSE	c	10000	4210	10_10	5_5	176	church_nocomp	ppmi	0.22245316530055328
church_nocomp.5_5.nvj.ppmi.nobound.c.10_10.10000.3	-0.15503184781759802	-0.18246809610933268	3	nvj	FALSE	c	10000	4210	10_10	5_5	106	church_nocomp	ppmi	0.19910542467736542
church_nocomp.5_5.nvj.ppmi.nobound.c.10_10.focc.2	-0.16785126860573923	-0.1622403189396898	2	nvj	FALSE	c	focc	4210	10_10	5_5	176	church_nocomp	ppmi	0.22072102983231756
church_nocomp.5_5.nvj.ppmi.nobound.c.10_10.focc.3	-0.15985355853692196	-0.16781223252071112	3	nvj	FALSE	c	focc	4210	10_10	5_5	106	church_nocomp	ppmi	0.2002715776671471
church_nocomp.10_10.nvj.ppmi.nobound.c.10_10.5000.2	-0.1416354900967969	-0.08633067928593227	2	nvj	FALSE	c	5000	4210	10_10	10_10	227	church_nocomp	ppmi	0.24369867572487808
church_nocomp.10_10.nvj.ppmi.nobound.c.10_10.5000.3	-0.1477899952938873	-0.10306697305684925	3	nvj	FALSE	c	5000	4210	10_10	10_10	189	church_nocomp	ppmi	0.23954068483846044
church_nocomp.10_10.nvj.ppmi.nobound.c.10_10.10000.2	-0.13988149467432465	-0.08555919035785045	2	nvj	FALSE	c	10000	4210	10_10	10_10	227	church_nocomp	ppmi	0.24344288115609342
church_nocomp.10_10.nvj.ppmi.nobound.c.10_10.10000.3	-0.16457128630301085	-0.10506578255832599	3	nvj	FALSE	c	10000	4210	10_10	10_10	189	church_nocomp	ppmi	0.23892189793088722
church_nocomp.10_10.nvj.ppmi.nobound.c.10_10.focc.2	-0.14602980769946972	-0.1331389334620287	2	nvj	FALSE	c	focc	4210	10_10	10_10	227	church_nocomp	ppmi	0.24414702548928663
church_nocomp.10_10.nvj.ppmi.nobound.c.10_10.focc.3	-0.14838972523976296	-0.1141457105096062	3	nvj	FALSE	c	focc	4210	10_10	10_10	189	church_nocomp	ppmi	0.23948470502200844
church_nocomp.5_5.nvj.noweight.nobound.c.10_10.5000.2	0.04837043352975338	-0.11231964431118031	2	nvj	FALSE	c	5000	5000	10_10	5_5	246	church_nocomp	noweight	0.22271090313524647
church_nocomp.5_5.nvj.noweight.nobound.c.10_10.5000.3	0.02816457848959211	-0.11571647352666665	3	nvj	FALSE	c	5000	5000	10_10	5_5	227	church_nocomp	noweight	0.21794925023095094
church_nocomp.5_5.nvj.noweight.nobound.c.10_10.10000.2	0.05604769572073858	-0.14779534059069677	2	nvj	FALSE	c	10000	10000	10_10	5_5	246	church_nocomp	noweight	0.22386104187426756
church_nocomp.5_5.nvj.noweight.nobound.c.10_10.10000.3	0.027400342098310597	-0.14995450479318345	3	nvj	FALSE	c	10000	10000	10_10	5_5	227	church_nocomp	noweight	0.22054427110009797
church_nocomp.5_5.nvj.noweight.nobound.c.10_10.focc.2	0.2503034733097257	-0.19457291254835268	2	nvj	FALSE	c	focc	24438	10_10	5_5	246	church_nocomp	noweight	0.23591488099008628
church_nocomp.5_5.nvj.noweight.nobound.c.10_10.focc.3	0.2443924888995822	-0.19581391358676187	3	nvj	FALSE	c	focc	24438	10_10	5_5	227	church_nocomp	noweight	0.23867001879105687
church_nocomp.10_10.nvj.noweight.nobound.c.10_10.5000.2	-0.0144291559471183	-0.05718571781595443	2	nvj	FALSE	c	5000	5000	10_10	10_10	249	church_nocomp	noweight	0.22111099143763094
church_nocomp.10_10.nvj.noweight.nobound.c.10_10.5000.3	-0.0030002541416607287	-0.04635111467622014	3	nvj	FALSE	c	5000	5000	10_10	10_10	249	church_nocomp	noweight	0.221846632639017
church_nocomp.10_10.nvj.noweight.nobound.c.10_10.10000.2	-0.004443632854921118	-0.07241989996977607	2	nvj	FALSE	c	10000	10000	10_10	10_10	249	church_nocomp	noweight	0.22561072606549298
church_nocomp.10_10.nvj.noweight.nobound.c.10_10.10000.3	-0.001329789480576884	-0.07422553154931767	3	nvj	FALSE	c	10000	10000	10_10	10_10	249	church_nocomp	noweight	0.224909536904344
church_nocomp.10_10.nvj.noweight.nobound.c.10_10.focc.2	0.009220312297303171	-0.14459548163954658	2	nvj	FALSE	c	focc	24438	10_10	10_10	249	church_nocomp	noweight	0.2428300376194074
church_nocomp.10_10.nvj.noweight.nobound.c.10_10.focc.3	0.008871213713530923	-0.12921996095612834	3	nvj	FALSE	c	focc	24438	10_10	10_10	249	church_nocomp	noweight	0.24433039806859003
church_nocomp.5_5.nvjid.ppmi.nobound.c.10_10.5000.2	-0.13618367958752578	-0.17388417062895067	2	nvjid	FALSE	c	5000	4276	10_10	5_5	226	church_nocomp	ppmi	0.24127743639200996
church_nocomp.5_5.nvjid.ppmi.nobound.c.10_10.5000.3	-0.14855005846764852	-0.15094296984485503	3	nvjid	FALSE	c	5000	4276	10_10	5_5	201	church_nocomp	ppmi	0.2346658714652816
church_nocomp.5_5.nvjid.ppmi.nobound.c.10_10.10000.2	-0.14252560265592282	-0.17124843817708757	2	nvjid	FALSE	c	10000	4276	10_10	5_5	226	church_nocomp	ppmi	0.24410564273079186
church_nocomp.5_5.nvjid.ppmi.nobound.c.10_10.10000.3	-0.1481594024130378	-0.20303315232448862	3	nvjid	FALSE	c	10000	4276	10_10	5_5	201	church_nocomp	ppmi	0.2363165700777616
church_nocomp.5_5.nvjid.ppmi.nobound.c.10_10.focc.2	-0.13783167583073372	-0.16487959883977804	2	nvjid	FALSE	c	focc	4276	10_10	5_5	226	church_nocomp	ppmi	0.24203218696608683
church_nocomp.5_5.nvjid.ppmi.nobound.c.10_10.focc.3	-0.13943826568668088	-0.15680726741874654	3	nvjid	FALSE	c	focc	4276	10_10	5_5	201	church_nocomp	ppmi	0.23488837199372511
church_nocomp.10_10.nvjid.ppmi.nobound.c.10_10.5000.2	-0.1397162645739345	-0.09878434882140197	2	nvjid	FALSE	c	5000	4276	10_10	10_10	246	church_nocomp	ppmi	0.23877975119977676
church_nocomp.10_10.nvjid.ppmi.nobound.c.10_10.5000.3	-0.1447283561503617	-0.1181811066747505	3	nvjid	FALSE	c	5000	4276	10_10	10_10	243	church_nocomp	ppmi	0.23577667633507945
church_nocomp.10_10.nvjid.ppmi.nobound.c.10_10.10000.2	-0.14197535259498786	-0.10220585228352963	2	nvjid	FALSE	c	10000	4276	10_10	10_10	246	church_nocomp	ppmi	0.2369078486208421
church_nocomp.10_10.nvjid.ppmi.nobound.c.10_10.10000.3	-0.15048857538636976	-0.14414667433630515	3	nvjid	FALSE	c	10000	4276	10_10	10_10	243	church_nocomp	ppmi	0.23594238908947773
church_nocomp.10_10.nvjid.ppmi.nobound.c.10_10.focc.2	-0.13327455600404509	-0.1623363860717034	2	nvjid	FALSE	c	focc	4276	10_10	10_10	246	church_nocomp	ppmi	0.2357012871225434
church_nocomp.10_10.nvjid.ppmi.nobound.c.10_10.focc.3	-0.13178952812298514	-0.10872853696533533	3	nvjid	FALSE	c	focc	4276	10_10	10_10	243	church_nocomp	ppmi	0.23473266594545997
church_nocomp.5_5.nvjid.noweight.nobound.c.10_10.5000.2	0.06602409123752388	-0.07098165500299299	2	nvjid	FALSE	c	5000	5000	10_10	5_5	249	church_nocomp	noweight	0.19602667364211385
church_nocomp.5_5.nvjid.noweight.nobound.c.10_10.5000.3	0.053420936970313485	-0.07223204831588537	3	nvjid	FALSE	c	5000	5000	10_10	5_5	245	church_nocomp	noweight	0.20865771548866274
church_nocomp.5_5.nvjid.noweight.nobound.c.10_10.10000.2	0.06768848531113074	-0.08347577047112055	2	nvjid	FALSE	c	10000	10000	10_10	5_5	249	church_nocomp	noweight	0.2098266016715152
church_nocomp.5_5.nvjid.noweight.nobound.c.10_10.10000.3	0.062152682155954736	-0.09057655009484274	3	nvjid	FALSE	c	10000	10000	10_10	5_5	245	church_nocomp	noweight	0.21979311984972233
church_nocomp.5_5.nvjid.noweight.nobound.c.10_10.focc.2	0.13835022649711007	-0.10607390136073314	2	nvjid	FALSE	c	focc	24583	10_10	5_5	249	church_nocomp	noweight	0.22867534135141324
church_nocomp.5_5.nvjid.noweight.nobound.c.10_10.focc.3	0.13812045922423755	-0.11217716579443769	3	nvjid	FALSE	c	focc	24583	10_10	5_5	245	church_nocomp	noweight	0.23424376448155218
church_nocomp.10_10.nvjid.noweight.nobound.c.10_10.5000.2	0.039178086977744525	0.025487501162492446	2	nvjid	FALSE	c	5000	5000	10_10	10_10	249	church_nocomp	noweight	0.20402898987771675
church_nocomp.10_10.nvjid.noweight.nobound.c.10_10.5000.3	0.011142468044124795	-0.01813849901656192	3	nvjid	FALSE	c	5000	5000	10_10	10_10	249	church_nocomp	noweight	0.20288443352260746
church_nocomp.10_10.nvjid.noweight.nobound.c.10_10.10000.2	0.030854348495493827	-0.02987671636958753	2	nvjid	FALSE	c	10000	10000	10_10	10_10	249	church_nocomp	noweight	0.21184804697289536
church_nocomp.10_10.nvjid.noweight.nobound.c.10_10.10000.3	0.041803783371958926	-0.017050442277339244	3	nvjid	FALSE	c	10000	10000	10_10	10_10	249	church_nocomp	noweight	0.21069230864473285
church_nocomp.10_10.nvjid.noweight.nobound.c.10_10.focc.2	0.0608925586402105	-0.05756505810877231	2	nvjid	FALSE	c	focc	24583	10_10	10_10	249	church_nocomp	noweight	0.22853439632132502
church_nocomp.10_10.nvjid.noweight.nobound.c.10_10.focc.3	0.0608925586402105	-0.05756505810877229	3	nvjid	FALSE	c	focc	24583	10_10	10_10	249	church_nocomp	noweight	0.22853439632132502
church_nocomp.5_5.none.ppmi.nobound.c.10_10.5000.2	-0.19415020993474388	-0.1282124610167867	2	none	FALSE	c	5000	4699	10_10	5_5	239	church_nocomp	ppmi	0.24091294063403845
church_nocomp.5_5.none.ppmi.nobound.c.10_10.5000.3	-0.17125533933150383	-0.11770015338160894	3	none	FALSE	c	5000	4699	10_10	5_5	216	church_nocomp	ppmi	0.2370335841940855
church_nocomp.5_5.none.ppmi.nobound.c.10_10.10000.2	-0.14665344743164566	-0.16543195990180862	2	none	FALSE	c	10000	4699	10_10	5_5	239	church_nocomp	ppmi	0.24102803933001177
church_nocomp.5_5.none.ppmi.nobound.c.10_10.10000.3	-0.14712779127511633	-0.16698754275205593	3	none	FALSE	c	10000	4699	10_10	5_5	216	church_nocomp	ppmi	0.2380173824824694
church_nocomp.5_5.none.ppmi.nobound.c.10_10.focc.2	-0.15554677644686227	-0.16589483085714152	2	none	FALSE	c	focc	4699	10_10	5_5	239	church_nocomp	ppmi	0.24168310295629006
church_nocomp.5_5.none.ppmi.nobound.c.10_10.focc.3	-0.19899785630332126	-0.14049247114136443	3	none	FALSE	c	focc	4699	10_10	5_5	216	church_nocomp	ppmi	0.23814825106555387
church_nocomp.10_10.none.ppmi.nobound.c.10_10.5000.2	-0.14225893129612233	-0.11852952833835764	2	none	FALSE	c	5000	4699	10_10	10_10	248	church_nocomp	ppmi	0.23605116718955033
church_nocomp.10_10.none.ppmi.nobound.c.10_10.5000.3	-0.14429661599381804	-0.11958206139834106	3	none	FALSE	c	5000	4699	10_10	10_10	247	church_nocomp	ppmi	0.23958251413831677
church_nocomp.10_10.none.ppmi.nobound.c.10_10.10000.2	-0.15779929468644385	-0.06692599068835438	2	none	FALSE	c	10000	4699	10_10	10_10	248	church_nocomp	ppmi	0.23889322327195478
church_nocomp.10_10.none.ppmi.nobound.c.10_10.10000.3	-0.1359180008416257	-0.1054204040684305	3	none	FALSE	c	10000	4699	10_10	10_10	247	church_nocomp	ppmi	0.2362618375758375
church_nocomp.10_10.none.ppmi.nobound.c.10_10.focc.2	-0.13211302533587393	-0.10657705363357398	2	none	FALSE	c	focc	4699	10_10	10_10	248	church_nocomp	ppmi	0.23739674519659576
church_nocomp.10_10.none.ppmi.nobound.c.10_10.focc.3	-0.13744071286921022	-0.10358724710704119	3	none	FALSE	c	focc	4699	10_10	10_10	247	church_nocomp	ppmi	0.236411938233333
church_nocomp.5_5.none.noweight.nobound.c.10_10.5000.2	0.1573061586179262	0.008923854366779697	2	none	FALSE	c	5000	5000	10_10	5_5	249	church_nocomp	noweight	0.20832527942419646
church_nocomp.5_5.none.noweight.nobound.c.10_10.5000.3	0.1612724616573023	0.011683907399933606	3	none	FALSE	c	5000	5000	10_10	5_5	249	church_nocomp	noweight	0.20834754779974668
church_nocomp.5_5.none.noweight.nobound.c.10_10.10000.2	0.16851742834549877	-0.007862755558819313	2	none	FALSE	c	10000	10000	10_10	5_5	249	church_nocomp	noweight	0.21766992929326218
church_nocomp.5_5.none.noweight.nobound.c.10_10.10000.3	0.16828031930423906	-0.009025111596050885	3	none	FALSE	c	10000	10000	10_10	5_5	249	church_nocomp	noweight	0.21765130434208288
church_nocomp.5_5.none.noweight.nobound.c.10_10.focc.2	0.23951013111173194	0.010848876432084164	2	none	FALSE	c	focc	27085	10_10	5_5	249	church_nocomp	noweight	0.23252273870707124
church_nocomp.5_5.none.noweight.nobound.c.10_10.focc.3	0.23951013111173194	0.010848876432084164	3	none	FALSE	c	focc	27085	10_10	5_5	249	church_nocomp	noweight	0.23252273870707124
church_nocomp.10_10.none.noweight.nobound.c.10_10.5000.2	0.17816583546363837	0.0876483856888791	2	none	FALSE	c	5000	5000	10_10	10_10	249	church_nocomp	noweight	0.1884381189943604
church_nocomp.10_10.none.noweight.nobound.c.10_10.5000.3	0.17923353068016312	0.08894103004613035	3	none	FALSE	c	5000	5000	10_10	10_10	249	church_nocomp	noweight	0.18862451324628426
church_nocomp.10_10.none.noweight.nobound.c.10_10.10000.2	0.2093349747896735	0.09425067032387005	2	none	FALSE	c	10000	10000	10_10	10_10	249	church_nocomp	noweight	0.20177482934390112
church_nocomp.10_10.none.noweight.nobound.c.10_10.10000.3	0.2093349747896735	0.09425067032387005	3	none	FALSE	c	10000	10000	10_10	10_10	249	church_nocomp	noweight	0.20177482934390112
church_nocomp.10_10.none.noweight.nobound.c.10_10.focc.2	0.23695720126877523	0.07834439037135581	2	none	FALSE	c	focc	27085	10_10	10_10	249	church_nocomp	noweight	0.22154484024570809
church_nocomp.10_10.none.noweight.nobound.c.10_10.focc.3	0.23695720126877523	0.07834439037135581	3	none	FALSE	c	focc	27085	10_10	10_10	249	church_nocomp	noweight	0.22154484024570809
church_nocomp.5_5.nvj.ppmi.nobound.s.10_10.5000.2	-0.19807432511642206	0.037081071716400654	2	nvj	FALSE	s	5000	1296	10_10	5_5	229	church_nocomp	ppmi	0.3055915669113942
church_nocomp.5_5.nvj.ppmi.nobound.s.10_10.5000.3	-0.23410301318647353	0.058429649755299747	3	nvj	FALSE	s	5000	1296	10_10	5_5	188	church_nocomp	ppmi	0.29398871933220316
church_nocomp.5_5.nvj.ppmi.nobound.s.10_10.10000.2	-0.22624810166437462	0.016551620861448894	2	nvj	FALSE	s	10000	1296	10_10	5_5	229	church_nocomp	ppmi	0.305808914596739
church_nocomp.5_5.nvj.ppmi.nobound.s.10_10.10000.3	-0.23243488704323606	0.07488748973282826	3	nvj	FALSE	s	10000	1296	10_10	5_5	188	church_nocomp	ppmi	0.2943845939266635
church_nocomp.5_5.nvj.ppmi.nobound.s.10_10.focc.2	-0.2231255421823284	0.07623250317569621	2	nvj	FALSE	s	focc	1296	10_10	5_5	229	church_nocomp	ppmi	0.30484285698183683
church_nocomp.5_5.nvj.ppmi.nobound.s.10_10.focc.3	-0.22571985293674135	0.02531753616246958	3	nvj	FALSE	s	focc	1296	10_10	5_5	188	church_nocomp	ppmi	0.29660370241818695
church_nocomp.10_10.nvj.ppmi.nobound.s.10_10.5000.2	-0.1682413258207204	0.009053087386716634	2	nvj	FALSE	s	5000	1296	10_10	10_10	249	church_nocomp	ppmi	0.27692391976844
church_nocomp.10_10.nvj.ppmi.nobound.s.10_10.5000.3	-0.19724827989862606	0.01405159512437682	3	nvj	FALSE	s	5000	1296	10_10	10_10	247	church_nocomp	ppmi	0.2788343781590199
church_nocomp.10_10.nvj.ppmi.nobound.s.10_10.10000.2	-0.1754034434071147	0.03396241369789775	2	nvj	FALSE	s	10000	1296	10_10	10_10	249	church_nocomp	ppmi	0.27633131114756876
church_nocomp.10_10.nvj.ppmi.nobound.s.10_10.10000.3	-0.16170797621105512	0.033686247390342865	3	nvj	FALSE	s	10000	1296	10_10	10_10	247	church_nocomp	ppmi	0.2789160371990849
church_nocomp.10_10.nvj.ppmi.nobound.s.10_10.focc.2	-0.1672982979493882	0.005321629812678942	2	nvj	FALSE	s	focc	1296	10_10	10_10	249	church_nocomp	ppmi	0.2763970093230277
church_nocomp.10_10.nvj.ppmi.nobound.s.10_10.focc.3	-0.16142729060108965	0.04124294866563207	3	nvj	FALSE	s	focc	1296	10_10	10_10	247	church_nocomp	ppmi	0.27879091931345923
church_nocomp.5_5.nvj.noweight.nobound.s.10_10.5000.2	0.1402191430402886	-0.21331639770730368	2	nvj	FALSE	s	5000	5000	10_10	5_5	246	church_nocomp	noweight	0.2515745760862926
church_nocomp.5_5.nvj.noweight.nobound.s.10_10.5000.3	0.11661441072700808	-0.20755279800930626	3	nvj	FALSE	s	5000	5000	10_10	5_5	229	church_nocomp	noweight	0.2517283173013015
church_nocomp.5_5.nvj.noweight.nobound.s.10_10.10000.2	0.21347218057938783	-0.20675769317661008	2	nvj	FALSE	s	10000	10000	10_10	5_5	246	church_nocomp	noweight	0.24944031098551842
church_nocomp.5_5.nvj.noweight.nobound.s.10_10.10000.3	0.15610994107702447	-0.2125237802908333	3	nvj	FALSE	s	10000	10000	10_10	5_5	229	church_nocomp	noweight	0.2512767458273187
church_nocomp.5_5.nvj.noweight.nobound.s.10_10.focc.2	0.20874280905019196	-0.195183504948077	2	nvj	FALSE	s	focc	31447	10_10	5_5	246	church_nocomp	noweight	0.24606686651459733
church_nocomp.5_5.nvj.noweight.nobound.s.10_10.focc.3	0.1874320313103421	-0.20275231310223762	3	nvj	FALSE	s	focc	31447	10_10	5_5	229	church_nocomp	noweight	0.24494753139875916
church_nocomp.10_10.nvj.noweight.nobound.s.10_10.5000.2	0.06904949799686795	0.09536443646416141	2	nvj	FALSE	s	5000	5000	10_10	10_10	249	church_nocomp	noweight	0.2491031301621561
church_nocomp.10_10.nvj.noweight.nobound.s.10_10.5000.3	0.06880541103184709	0.08067615665852294	3	nvj	FALSE	s	5000	5000	10_10	10_10	249	church_nocomp	noweight	0.25024066673007606
church_nocomp.10_10.nvj.noweight.nobound.s.10_10.10000.2	0.11425195823557928	0.093754202042955	2	nvj	FALSE	s	10000	10000	10_10	10_10	249	church_nocomp	noweight	0.25410298066238585
church_nocomp.10_10.nvj.noweight.nobound.s.10_10.10000.3	0.09389331239697492	0.08826858688300811	3	nvj	FALSE	s	10000	10000	10_10	10_10	249	church_nocomp	noweight	0.25632363313732925
church_nocomp.10_10.nvj.noweight.nobound.s.10_10.focc.2	0.4261340732989421	-0.062151101460649734	2	nvj	FALSE	s	focc	31447	10_10	10_10	249	church_nocomp	noweight	0.25496200020301124
church_nocomp.10_10.nvj.noweight.nobound.s.10_10.focc.3	0.44865655062227183	-0.10246270797271435	3	nvj	FALSE	s	focc	31447	10_10	10_10	249	church_nocomp	noweight	0.25543428644103877
church_nocomp.5_5.nvjid.ppmi.nobound.s.10_10.5000.2	-0.19606011448008104	0.13128077988274867	2	nvjid	FALSE	s	5000	1337	10_10	5_5	247	church_nocomp	ppmi	0.2986985889168233
church_nocomp.5_5.nvjid.ppmi.nobound.s.10_10.5000.3	-0.20097694782433898	0.08433752842782655	3	nvjid	FALSE	s	5000	1337	10_10	5_5	233	church_nocomp	ppmi	0.29251445823701633
church_nocomp.5_5.nvjid.ppmi.nobound.s.10_10.10000.2	-0.18260024217477333	0.10322859382193557	2	nvjid	FALSE	s	10000	1337	10_10	5_5	247	church_nocomp	ppmi	0.29717937867805555
church_nocomp.5_5.nvjid.ppmi.nobound.s.10_10.10000.3	-0.17842166684786917	0.11091541499055253	3	nvjid	FALSE	s	10000	1337	10_10	5_5	233	church_nocomp	ppmi	0.29524392090459445
church_nocomp.5_5.nvjid.ppmi.nobound.s.10_10.focc.2	-0.14711258321711562	0.12138288267646992	2	nvjid	FALSE	s	focc	1337	10_10	5_5	247	church_nocomp	ppmi	0.29790461118571687
church_nocomp.5_5.nvjid.ppmi.nobound.s.10_10.focc.3	-0.17194836411043027	0.11491523368539605	3	nvjid	FALSE	s	focc	1337	10_10	5_5	233	church_nocomp	ppmi	0.29341755787923934
church_nocomp.10_10.nvjid.ppmi.nobound.s.10_10.5000.2	-0.14972229915630372	0.0023575866954994055	2	nvjid	FALSE	s	5000	1337	10_10	10_10	249	church_nocomp	ppmi	0.27521037769929046
church_nocomp.10_10.nvjid.ppmi.nobound.s.10_10.5000.3	-0.234122722975835	0.0039992150125333185	3	nvjid	FALSE	s	5000	1337	10_10	10_10	248	church_nocomp	ppmi	0.27568291583370785
church_nocomp.10_10.nvjid.ppmi.nobound.s.10_10.10000.2	-0.14644871471551438	0.0386135726027416	2	nvjid	FALSE	s	10000	1337	10_10	10_10	249	church_nocomp	ppmi	0.2742807416355889
church_nocomp.10_10.nvjid.ppmi.nobound.s.10_10.10000.3	-0.1311508396276361	0.11180490495002429	3	nvjid	FALSE	s	10000	1337	10_10	10_10	248	church_nocomp	ppmi	0.2756276140279389
church_nocomp.10_10.nvjid.ppmi.nobound.s.10_10.focc.2	-0.2016199872467783	0.05271340407882149	2	nvjid	FALSE	s	focc	1337	10_10	10_10	249	church_nocomp	ppmi	0.27392085953255857
church_nocomp.10_10.nvjid.ppmi.nobound.s.10_10.focc.3	-0.19360889585547972	0.041206729506519275	3	nvjid	FALSE	s	focc	1337	10_10	10_10	248	church_nocomp	ppmi	0.2758854070197564
church_nocomp.5_5.nvjid.noweight.nobound.s.10_10.5000.2	0.14738419090333127	-0.08318809993682245	2	nvjid	FALSE	s	5000	5000	10_10	5_5	249	church_nocomp	noweight	0.2552783904686544
church_nocomp.5_5.nvjid.noweight.nobound.s.10_10.5000.3	0.1620782544452337	-0.05911945095990363	3	nvjid	FALSE	s	5000	5000	10_10	5_5	245	church_nocomp	noweight	0.25586436068898694
church_nocomp.5_5.nvjid.noweight.nobound.s.10_10.10000.2	0.2304275694479805	-0.25700488781223124	2	nvjid	FALSE	s	10000	10000	10_10	5_5	249	church_nocomp	noweight	0.2536642411036783
church_nocomp.5_5.nvjid.noweight.nobound.s.10_10.10000.3	0.29975993670186857	-0.21257837541632685	3	nvjid	FALSE	s	10000	10000	10_10	5_5	245	church_nocomp	noweight	0.25385751997131456
church_nocomp.5_5.nvjid.noweight.nobound.s.10_10.focc.2	0.39448932361006356	-0.2810571023585758	2	nvjid	FALSE	s	focc	31607	10_10	5_5	249	church_nocomp	noweight	0.2323833115609886
church_nocomp.5_5.nvjid.noweight.nobound.s.10_10.focc.3	0.2934138632440186	-0.37497977745489675	3	nvjid	FALSE	s	focc	31607	10_10	5_5	245	church_nocomp	noweight	0.2315768907494255
church_nocomp.10_10.nvjid.noweight.nobound.s.10_10.5000.2	0.09191656439190024	0.07330521662223922	2	nvjid	FALSE	s	5000	5000	10_10	10_10	249	church_nocomp	noweight	0.2456826419058625
church_nocomp.10_10.nvjid.noweight.nobound.s.10_10.5000.3	0.09191656439190024	0.07330521662223922	3	nvjid	FALSE	s	5000	5000	10_10	10_10	249	church_nocomp	noweight	0.2456826419058625
church_nocomp.10_10.nvjid.noweight.nobound.s.10_10.10000.2	0.11265698517570435	0.08446889914570248	2	nvjid	FALSE	s	10000	10000	10_10	10_10	249	church_nocomp	noweight	0.26000296273359447
church_nocomp.10_10.nvjid.noweight.nobound.s.10_10.10000.3	0.158977054975876	0.11300033861728022	3	nvjid	FALSE	s	10000	10000	10_10	10_10	249	church_nocomp	noweight	0.2597201602613312
church_nocomp.10_10.nvjid.noweight.nobound.s.10_10.focc.2	0.4352101373132944	0.08690967766876444	2	nvjid	FALSE	s	focc	31607	10_10	10_10	249	church_nocomp	noweight	0.2609030086146972
church_nocomp.10_10.nvjid.noweight.nobound.s.10_10.focc.3	0.3543951400325365	0.07010404670561785	3	nvjid	FALSE	s	focc	31607	10_10	10_10	249	church_nocomp	noweight	0.2621571381500366
church_nocomp.5_5.none.ppmi.nobound.s.10_10.5000.2	-0.15298214599989757	0.10319831331931055	2	none	FALSE	s	5000	1510	10_10	5_5	249	church_nocomp	ppmi	0.29621159479898324
church_nocomp.5_5.none.ppmi.nobound.s.10_10.5000.3	-0.13749713683467196	0.0724029380718184	3	none	FALSE	s	5000	1510	10_10	5_5	244	church_nocomp	ppmi	0.29687181486944997
church_nocomp.5_5.none.ppmi.nobound.s.10_10.10000.2	-0.10722263663961613	0.030157649853265883	2	none	FALSE	s	10000	1510	10_10	5_5	249	church_nocomp	ppmi	0.29801400761280405
church_nocomp.5_5.none.ppmi.nobound.s.10_10.10000.3	-0.18605003576380155	0.08033919225916727	3	none	FALSE	s	10000	1510	10_10	5_5	244	church_nocomp	ppmi	0.294959850456561
church_nocomp.5_5.none.ppmi.nobound.s.10_10.focc.2	-0.1633419930165767	0.05897636712904614	2	none	FALSE	s	focc	1510	10_10	5_5	249	church_nocomp	ppmi	0.29704156375578605
church_nocomp.5_5.none.ppmi.nobound.s.10_10.focc.3	-0.19162565781686425	0.11588795096688842	3	none	FALSE	s	focc	1510	10_10	5_5	244	church_nocomp	ppmi	0.29702153817127713
church_nocomp.10_10.none.ppmi.nobound.s.10_10.5000.2	-0.14389208352714714	-0.0032721533807567333	2	none	FALSE	s	5000	1510	10_10	10_10	249	church_nocomp	ppmi	0.2771933132661091
church_nocomp.10_10.none.ppmi.nobound.s.10_10.5000.3	-0.14389208352714714	-0.0032721533807567333	3	none	FALSE	s	5000	1510	10_10	10_10	249	church_nocomp	ppmi	0.2771933132661091
church_nocomp.10_10.none.ppmi.nobound.s.10_10.10000.2	-0.14389208352714714	-0.0032721533807567333	2	none	FALSE	s	10000	1510	10_10	10_10	249	church_nocomp	ppmi	0.2771933132661091
church_nocomp.10_10.none.ppmi.nobound.s.10_10.10000.3	-0.14389208352714714	-0.0032721533807567333	3	none	FALSE	s	10000	1510	10_10	10_10	249	church_nocomp	ppmi	0.2771933132661091
church_nocomp.10_10.none.ppmi.nobound.s.10_10.focc.2	-0.14389208352714714	-0.0032721533807567333	2	none	FALSE	s	focc	1510	10_10	10_10	249	church_nocomp	ppmi	0.2771933132661091
church_nocomp.10_10.none.ppmi.nobound.s.10_10.focc.3	-0.14389208352714714	-0.0032721533807567333	3	none	FALSE	s	focc	1510	10_10	10_10	249	church_nocomp	ppmi	0.2771933132661091
church_nocomp.5_5.none.noweight.nobound.s.10_10.5000.2	0.1474693813715348	0.15869390273011738	2	none	FALSE	s	5000	5000	10_10	5_5	249	church_nocomp	noweight	0.24152332626336784
church_nocomp.5_5.none.noweight.nobound.s.10_10.5000.3	0.13849340125882045	0.16078156109191521	3	none	FALSE	s	5000	5000	10_10	5_5	249	church_nocomp	noweight	0.24155891843129257
church_nocomp.5_5.none.noweight.nobound.s.10_10.10000.2	0.18104835779214476	0.24290950346795276	2	none	FALSE	s	10000	10000	10_10	5_5	249	church_nocomp	noweight	0.24778646475448665
church_nocomp.5_5.none.noweight.nobound.s.10_10.10000.3	0.15935694776703113	0.2045362004234403	3	none	FALSE	s	10000	10000	10_10	5_5	249	church_nocomp	noweight	0.24648437730140843
church_nocomp.5_5.none.noweight.nobound.s.10_10.focc.2	0.30509998833138535	0.3341244047678835	2	none	FALSE	s	focc	34786	10_10	5_5	249	church_nocomp	noweight	0.26518950072996605
church_nocomp.5_5.none.noweight.nobound.s.10_10.focc.3	0.3050999883295017	0.3341244047655097	3	none	FALSE	s	focc	34786	10_10	5_5	249	church_nocomp	noweight	0.26518950072996605
church_nocomp.10_10.none.noweight.nobound.s.10_10.5000.2	0.17527720620718648	0.1262564058997689	2	none	FALSE	s	5000	5000	10_10	10_10	249	church_nocomp	noweight	0.22750399900922985
church_nocomp.10_10.none.noweight.nobound.s.10_10.5000.3	0.17527720620718648	0.1262564058997689	3	none	FALSE	s	5000	5000	10_10	10_10	249	church_nocomp	noweight	0.22750399900922985
church_nocomp.10_10.none.noweight.nobound.s.10_10.10000.2	0.2033254794368586	0.14380166838468733	2	none	FALSE	s	10000	10000	10_10	10_10	249	church_nocomp	noweight	0.2386866011985827
church_nocomp.10_10.none.noweight.nobound.s.10_10.10000.3	0.2033254794368586	0.14380166838468733	3	none	FALSE	s	10000	10000	10_10	10_10	249	church_nocomp	noweight	0.2386866011985827
church_nocomp.10_10.none.noweight.nobound.s.10_10.focc.2	0.3300996886231422	0.2630717518400915	2	none	FALSE	s	focc	34786	10_10	10_10	249	church_nocomp	noweight	0.27417781567298066
church_nocomp.10_10.none.noweight.nobound.s.10_10.focc.3	0.3300996886231418	0.2630717518400912	3	none	FALSE	s	focc	34786	10_10	10_10	249	church_nocomp	noweight	0.27417781567298066
